source1_entity_id	matched_entity_ids
S1-328263556	
S1-618294891	
S1-545701979	
S1-590783640	
S1-584826366	
S1-859648321	
S1-435655494	
S1-37685002	
S1-235887448	
S1-986138346	
S1-903591023	
S1-441664106	
S1-522685384	
S1-429879893	
S1-651217292	
S1-348944176	
S1-887372047	
S1-51439147	
S1-70704178	
S1-803789876	
S1-513096747	
S1-673893110	
S1-658879104	
S1-571080564	
S1-958893078	
S1-439714248	
S1-963308026	
S1-832715935	
S1-510185485	
S1-129337069	
S1-111681525	
S1-700448703	
S1-931072561	
S1-720867528	
S1-592217855	
S1-316791024	
S1-201462857	
S1-89427264	
S1-408119134	
S1-674285038	
S1-771078193	
S1-393367390	
S1-118585101	
S1-545414715	
S1-589845727	
S1-419173911	
S1-107915340	
S1-736332497	
S1-527624908	
S1-378382919	
